dataset,data_table_name,field_name,display_name,description,data_type,is_required
Accrual Savings Bonds Redemption Tables ,Redemption Tables,redemp_period,Redemption Period,The month(s) for which redemption and interest earned values are applicable,STRING,1
Accrual Savings Bonds Redemption Tables ,Redemption Tables,issue_name,Issue Name,"Type of accrual savings bond (E, EE, and I)",STRING,1
Accrual Savings Bonds Redemption Tables ,Redemption Tables,issue_year,Issue Year,Year an accrual savings bond was issued,YEAR,1
Accrual Savings Bonds Redemption Tables ,Redemption Tables,issue_months,Issue Months,Month(s) in which a given accrual savings bond was issued,STRING,1
Accrual Savings Bonds Redemption Tables ,Redemption Tables,yield_from_issue_pct,Yield from Issue,Interest earnings expressed as a percentage on accrual savings bond from issue month/year to redemption date.  ,PERCENTAGE,0
Accrual Savings Bonds Redemption Tables ,Redemption Tables,redemp_value_10_amt,Redemption Value $10,Total amount a $10 accrual savings bond is worth in that redemption month/year,CURRENCY,0
Accrual Savings Bonds Redemption Tables ,Redemption Tables,int_earned_10_amt,Interest Earned $10,Interest earned on a $10 accrual savings bond from issue month/year to redemption month/year,CURRENCY,0
Accrual Savings Bonds Redemption Tables ,Redemption Tables,redemp_value_25_amt,Redemption Value $25,Total amount a $25 accrual savings bond is worth in that redemption month/year,CURRENCY,0
Accrual Savings Bonds Redemption Tables ,Redemption Tables,int_earned_25_amt,Interest Earned $25,Interest earned on a $25 accrual savings bond from issue month/year to redemption month/year,CURRENCY,0
Accrual Savings Bonds Redemption Tables ,Redemption Tables,redemp_value_50_amt,Redemption Value $50,Total amount a $50 accrual savings bond is worth in that redemption month/year,CURRENCY,0
Accrual Savings Bonds Redemption Tables ,Redemption Tables,int_earned_50_amt,Interest Earned $50,Interest earned on a $50 accrual savings bond from issue month/year to redemption month/year,CURRENCY,0
Accrual Savings Bonds Redemption Tables ,Redemption Tables,redemp_value_75_amt,Redemption Value $75,Total amount a $75 accrual savings bond is worth in that redemption month/year,CURRENCY,0
Accrual Savings Bonds Redemption Tables ,Redemption Tables,int_earned_75_amt,Interest Earned $75,Interest earned on a $75 accrual savings bond from issue month/year to redemption month/year,CURRENCY,0
Accrual Savings Bonds Redemption Tables ,Redemption Tables,redemp_value_100_amt,Redemption Value $100,Total amount a $100 accrual savings bond is worth in that redemption month/year,CURRENCY,0
Accrual Savings Bonds Redemption Tables ,Redemption Tables,int_earned_100_amt,Interest Earned $100,Interest earned on a $100 accrual savings bond from issue month/year to redemption month/year,CURRENCY,0
Accrual Savings Bonds Redemption Tables ,Redemption Tables,redemp_value_200_amt,Redemption Value $200,Total amount a $200 accrual savings bond is worth in that redemption month/year,CURRENCY,0
Accrual Savings Bonds Redemption Tables ,Redemption Tables,int_earned_200_amt,Interest Earned $200,Interest earned on a $200 accrual savings bond from issue month/year to redemption month/year,CURRENCY,0
Accrual Savings Bonds Redemption Tables ,Redemption Tables,redemp_value_500_amt,Redemption Value $500,Total amount a $500 accrual savings bond is worth in that redemption month/year,CURRENCY,0
Accrual Savings Bonds Redemption Tables ,Redemption Tables,int_earned_500_amt,Interest Earned $500,Interest earned on a $500 accrual savings bond from issue month/year to redemption month/year,CURRENCY,0
Accrual Savings Bonds Redemption Tables ,Redemption Tables,redemp_value_1000_amt,"Redemption Value $1,000","Total amount a $1,000 accrual savings bond is worth in that redemption month/year",CURRENCY,0
Accrual Savings Bonds Redemption Tables ,Redemption Tables,int_earned_1000_amt,"Interest Earned $1,000","Interest earned on a $1,000 accrual savings bond from issue month/year to redemption month/year",CURRENCY,0
Accrual Savings Bonds Redemption Tables ,Redemption Tables,redemp_value_5000_amt,"Redemption Value $5,000","Total amount a $5,000 accrual savings bond is worth in that redemption month/year",CURRENCY,0
Accrual Savings Bonds Redemption Tables ,Redemption Tables,int_earned_5000_amt,"Interest Earned $5,000","Interest earned on a $5,000 accrual savings bond from issue month/year to redemption month/year",CURRENCY,0
Accrual Savings Bonds Redemption Tables ,Redemption Tables,redemp_value_10000_amt,"Redemption Value $10,000","Total amount a $10,000 accrual savings bond is worth in that redemption month/year",CURRENCY,0
Accrual Savings Bonds Redemption Tables ,Redemption Tables,int_earned_10000_amt,"Interest Earned $10,000","Interest earned on a $10,000 accrual savings bond from issue month/year to redemption month/year",CURRENCY,0
Accrual Savings Bonds Redemption Tables ,Redemption Tables,src_line_nbr,Source Line Number,Indicates the row of the corresponding table where the data point can be found.,NUMBER,1
